domain,reachability,http_code,final_url,notes
1872consulting.com,UP,200,https://1872consulting.com/,Redirected
1linktechnology.com,UP,403,https://1linktechnology.com/,Redirected
360itpro.com,DOWN,,,
3mkllc.com,UP,465,https://3mkllc.com/,Redirected
a2consultingllc.com,UP,200,https://a2consultingllc.com/,Redirected
aap3.com,UP,200,https://aap3.com/,Redirected
abacusservice.com,UP,200,https://abacusservice.com/,Redirected
accenture.com,UP,200,https://www.accenture.com/in-en,Redirected
acigroup.com,UP,200,https://acigroup.com/,Redirected
acrocorp.com,UP,200,https://acrocorp.com/,Redirected
acsicorp.com,UP,200,https://innovasolutions.com/,Redirected
addisongroup.com,UP,403,https://addisongroup.com/,Redirected
adeccousa.com,UP,200,https://www.adecco.com/en-us,Redirected
aditiconsulting.com,UP,200,https://www.aditiconsulting.com/,Redirected
advantisglobal.com,DOWN,,,
aequor.com,UP,200,https://www.aequor.com/,Redirected
aerotek.com,UP,200,https://www.aerotek.com/,Redirected
aesinc.us.com,UP,200,https://aesinc.us.com/,Redirected
aetea.com,UP,403,https://aetea.com/,Redirected
ageatia.com,UP,200,https://ageatia.com/,Redirected
agile1.com,UP,200,https://agile1.com/,Redirected
agileeyi.com,UP,200,https://agileeyi.com/,Redirected
agreeya.com,UP,403,https://agreeya.com/,Redirected
airetel.com,UP,200,https://airetel.com/,Redirected
akkodis.com,UP,200,https://www.akkodis.com/,Redirected
akraya.com,UP,200,https://www.akraya.com/,Redirected
alecris.com,UP,200,https://www.hugedomains.com/domain_profile.cfm?d=alecris.com,Redirected
alinestaffing.com,UP,403,https://alinestaffing.com/,Redirected
alku.com,UP,200,https://www.alku.com/,Redirected
allegisglobalsolutions.com,UP,200,https://www.allegisglobalsolutions.com/en-au,Redirected
alliedconsultants.com,UP,200,https://www.alliedconsultants.com/,Redirected
altaits.com,UP,503,https://altaits.com/,Redirected
altitudestaffing.com,UP,200,https://altitudestaffing.com/,Redirected
amgoconsulting.com,DNS_FAIL,,,
amigainformatics.com,UP,406,https://amigainformatics.com/,Redirected
amtexsystems.com,UP,200,https://www.amtexsystems.com/,Redirected
andeogroup.com,UP,200,https://andeogroup.com/,Redirected
andersonfrank.com,UP,200,https://www.andersonfrank.com/,Redirected
apexon.com,UP,200,https://www.apexon.com/,Redirected
apexsystems.com,UP,200,https://www.apexsystems.com/,Redirected
approfessionals.com,DOWN,,,
aptask.com,UP,403,https://aptask.com/,Redirected
aptude.com,UP,200,https://digital.neweratech.com/,Redirected
arkhyatech.com,UP,406,https://arkhyatech.com/,Redirected
artechinfo.com,DOWN,,,
ascentsolutions.com,DNS_FAIL,,,
asgn.com,UP,200,https://asgn.com/,Redirected
aspiresys.com,UP,200,https://www.aspiresys.com:443/,Redirected
astoncarter.com,UP,200,https://www.astoncarter.com/en-au,Redirected
atlanticpartner.com,UP,200,http://atlanticpartner.com/,Redirected
atlas.work,UP,200,https://atlas.work/,Redirected
atrilogy.com,DOWN,,,
atriumstaff.com,UP,200,https://www.atriumstaff.com/,Redirected
atriumworks.com,UP,200,https://www.atriumglobal.com/,Redirected
aurumdatasolutions.com,UP,200,https://aurumdatasolutions.com/,Redirected
avanitechsolutions.com,UP,200,https://www.avanitechsolutions.com/,Redirected
averityteam.com,UP,403,https://averityteam.com/,Redirected
aviradigital.com,UP,200,https://aviradigital.com/,Redirected
axelon.com,UP,403,https://axelon.com/,Redirected
bartechstaffing.com,UP,200,https://www.bartechstaffing.com/,Redirected
bayforce.com,UP,200,https://bayforce.com/,Redirected
bcforward.com,UP,403,https://bcforward.com/,Redirected
beaconhillstaffing.com,UP,200,https://bhsg.com/,Redirected
beaconhilltech.com,DNS_FAIL,,,
bigbevyconsulting.com,DNS_FAIL,,,
bluegrasstek.com,UP,200,https://www.bluegrasstek.com/,Redirected
bluomega.com,UP,200,https://bluomega.com/,Redirected
boozallen.com,UP,200,https://www.boozallen.com,Redirected
brainworksinc.com,UP,403,https://brainworksinc.com/,Redirected
bridgewatercg.com,UP,200,https://bridgewatercg.com/,Redirected
britstan.com,UP,200,https://britstan.com/,Redirected
brooksource.com,UP,200,https://www.brooksource.com/,Redirected
bullcitytalent.com,UP,406,https://bullcitytalent.com/,Redirected
burtchworks.com,UP,200,https://www.burtchworks.com/,Redirected
c2stech.com,DNS_FAIL,,,
c4techinc.com,DNS_FAIL,,,
c9s.ca,UP,200,https://c9s.ca/,Redirected
caci.com,UP,200,https://www.caci.com//,Redirected
caiready.com,UP,403,https://caiready.com/,Redirected
cambayconsulting.com,UP,200,http://cambayconsulting.com/,Redirected
capgemini.com,UP,200,https://www.capgemini.com/,Redirected
capstaffingsolutions.com,DNS_FAIL,,,
captavoconsulting.com,UP,404,https://captavoconsulting.com/,Redirected
catsoftwareservices.com,UP,200,https://catsoftwareservices.com/,Redirected
cbsis.com,UP,200,https://www.hugedomains.com/domain_profile.cfm?d=cbsis.com,Redirected
cbts.com,UP,403,https://www.cbts.com,Redirected
cdw.com,UP,200,https://www.cdw.com/,Redirected
ceiamerica.com,UP,200,https://www.ceiamerica.com/,Redirected
cgconsultingllc.com,DNS_FAIL,,,
cgi.com,UP,200,https://www.cgi.com/en,Redirected
cgtstaffing.com,UP,403,https://www.cgtstaffing.com/,Redirected
cilvertech.com,DNS_FAIL,,,
clearbridgetech.com,UP,403,https://clearbridgetech.com/,Redirected
clinlabstaffing.com,UP,403,https://clinlabstaffing.com/,Redirected
cloneittech.com,DNS_FAIL,,,
cloudious.com,UP,200,https://www.cloudious.com/,Redirected
cloverconsultinginc.com,UP,200,https://cloverconsultinginc.com/,Redirected
codenatives.com,UP,200,https://codenatives.com/,Redirected
cognizant.com,UP,200,https://www.cognizant.com/in/en,Redirected
cojiant.com,DNS_FAIL,,,
collabera.com,UP,200,https://collabera.com/,Redirected
compugain.com,DOWN,,,
compunnel.com,UP,200,https://www.compunnel.com/,Redirected
concentrix.com,UP,403,https://www.concentrix.com,Redirected
concept-inc.com,UP,200,https://www.concept-inc.com/,Redirected
connectitinc.com,UP,404,https://connectitinc.com/,Redirected
consultnet.com,UP,200,https://consultnet.com/,Redirected
coregroupresources.com,UP,200,https://www.coregroupresources.com/,Redirected
corporatebrokers.com,UP,200,https://tential.com/,Redirected
cprime.com,UP,200,https://www.cprime.com/,Redirected
cybecys.com,UP,406,https://cybecys.com/,Redirected
cybercoders.com,UP,200,https://cybercoders.com/,Redirected
cybertecinc.com,UP,200,https://cybertecinc.com/,Redirected
cybsearch.com,UP,403,https://cybsearch.com/,Redirected
cynetsystems.com,UP,403,https://cynetsystems.com/,Redirected
dabstersystems.com,UP,200,https://www.dabster.net/,Redirected
dataart.com,UP,200,https://www.dataart.com/,Redirected
dedicatedtechservices.com,UP,200,https://www.dtsdelivers.com/,Redirected
deltacc.com,UP,200,https://www.hugedomains.com/domain_profile.cfm?d=deltacc.com,Redirected
delviom.com,UP,200,https://delviom.com/,Redirected
denkensolutions.com,UP,200,https://denkensolutions.com/,Redirected
dexian.com,UP,403,https://dexian.com/,Redirected
diamondpick.com,DOWN,,,
dice.com,UP,200,https://www.dice.com/,Redirected
digitidesolutions.com,UP,200,https://digitidesolutions.com/,Redirected
digitrantech.com,UP,403,https://digitrantech.com/,Redirected
disys.com,UP,403,https://dexian.com,Redirected
diversant.com,UP,200,https://innovasolutions.com/,Redirected
diverselynx.com,UP,200,https://www.diverselynx.com/,Redirected
divihn.com,UP,200,https://divihn.com/,Redirected
dtg-usa.com,UP,406,http://www.dtgconsulting.com,Redirected
dvbetg.com,UP,200,https://www.dvbetg.com/,Redirected
dynamicesi.com,UP,200,https://www.dynamicesi.com/,Redirected
e2einc.com,DNS_FAIL,,,
eclaro.com,UP,200,https://www.eclaro.com/,Redirected
ecloudlabs.com,UP,200,https://www.hugedomains.com/domain_profile.cfm?d=ecloudlabs.com,Redirected
ectiinc.com,DNS_FAIL,,,
edgeservicesinc.com,UP,200,http://edgeservicesinc.com/,Redirected
edistaffing.com,UP,200,https://edistaffing.com/,Redirected
ee-corp.com,UP,200,https://ee-corp.com/,Redirected
eliassen.com,UP,200,https://www.eliassen.com/,Redirected
eliteis.com,UP,200,https://www.elite.com/,Redirected
empyra.com,UP,200,https://www.empyra.com/,Redirected
endava.com,UP,200,https://www.endava.com/,Redirected
entegee.com,UP,200,https://entegee.com/,Redirected
epam.com,UP,403,https://epam.com/,Redirected
epitec.com,UP,403,https://epitec.com/,Redirected
erpan.com,UP,200,http://erpan.com/,Redirected
estaffing.com,UP,436,https://estaffing.com/,Redirected
eteaminc.com,UP,200,https://www.eteaminc.com/,Redirected
ettaingroup.com,UP,200,https://www.experis.com/en,Redirected
evoketechnologies.com,UP,200,https://www.evoketechnologies.com/,Redirected
exodusintegrity.com,DNS_FAIL,,,
expeditets.com,UP,200,https://expeditets.com/,Redirected
experis.com,UP,200,https://www.experis.com/,Redirected
expertek.com,UP,200,https://www.expertek.com/,Redirected
ey.com,UP,200,https://www.ey.com/en_in,Redirected
f1techsolutions.com,UP,406,https://f1techsolutions.com/,Redirected
fastswitch.com,UP,200,https://fastswitch.com/,Redirected
felkam.com,UP,200,https://felkam.com/,Redirected
firsttek.com,UP,200,https://firsttek.com/,Redirected
flores-associates.com,UP,200,https://flores-associates.com/,Redirected
frankgroup.com,UP,200,https://www.tenthrevolution.com/,Redirected
franklinfitch.com,UP,200,https://www.franklinfitch.com/uk/,Redirected
fujitsu.com,UP,403,https://fujitsu.com/,Redirected
fuseglobal.com,UP,200,https://www.fuseglobal.com/,Redirected
fusion-tec.com,DNS_FAIL,,,
fusionplus.in,DOWN,,,
galaxyitech.com,UP,200,https://galaxyitech.com/,Redirected
gdit.com,UP,200,https://www.gdit.com/,Redirected
gdt.com,UP,403,https://gdt.com/,Redirected
genesis10.com,UP,200,https://www.genesis10.com,Redirected
genpact.com,UP,200,https://www.genpact.com/,Redirected
genzeon.com,UP,200,https://www.genzeon.com/,Redirected
geval6.com,UP,200,https://geval6.com/,Redirected
globalapps.com,UP,404,https://globalapps.com/,Redirected
globant.com,UP,403,https://www.globant.com/,Redirected
gotalento.com,DNS_FAIL,,,
gothamtechnologygroup.com,UP,200,http://gothamtechnologygroup.com/,Redirected
greenlightstaffing.com,UP,200,https://www.facebook.com/Greenlightstaffingservices,Redirected
grgc.com,UP,200,https://www.grgc.com/home,Redirected
gttit.com,UP,200,https://gttit.com/,Redirected
guidehouse.com,UP,200,https://guidehouse.com/,Redirected
halcyonit.com,UP,200,https://halcyonit.com/,Redirected
hanoverit.com,UP,200,https://expireddomains.com/domain/hanoverit.com,Redirected
hansitstaffing.com,DNS_FAIL,,,
hanstaffing.com,UP,406,https://hanstaffing.com/,Redirected
harmerconsultants.com,UP,403,https://harmer.com/,Redirected
harnham.com,UP,403,https://harnham.com/,Redirected
harveynashusa.com,UP,200,https://www.harveynashusa.com/,Redirected
hays.com,UP,200,https://www.hays.com/,Redirected
hcltech.com,DOWN,,,
healthgrades.com,UP,403,https://healthgrades.com/,Redirected
heidrick.com,UP,200,https://www.heidrick.com/en,Redirected
heitmeyerconsulting.com,UP,403,https://heitmeyerconsulting.com/,Redirected
hexaware.com,UP,403,https://hexaware.com/,Redirected
hiredbymatrix.com,UP,403,https://hiredbymatrix.com/,Redirected
hiregenics.com,UP,200,https://www.hiregenics.com/,Redirected
hiretalentinc.com,DNS_FAIL,,,
hirevergence.com,UP,526,https://hirevergence.com/,Redirected
hitachivantara.com,UP,200,https://www.hitachivantara.com/en-us/home,Redirected
hollstadt.com,UP,503,https://hollstadt.com/,Redirected
honorvettech.com,UP,200,https://honorvettech.com/,Redirected
horizontal.com,UP,200,https://www.horizontal.com/,Redirected
htcinc.com,UP,200,https://www.htcinc.com/,Redirected
hudsonrpo.com,UP,200,https://hudsontalent.com/,Redirected
hyattleader.com,UP,500,http://hyattleader.com/,Redirected
ibiztek.com,UP,465,http://ibiztek.com/,Redirected
iconma.com,UP,200,https://iconma.com/,Redirected
icstechnologies.com,UP,200,https://icstechnologies.com/,Redirected
idctechnologies.com,DOWN,,,
igitg.com,UP,200,https://igitg.com/,Redirected
ikcon.com,DNS_FAIL,,,
impact-tech.com,UP,403,https://zuryc.com:443/2019/12/09/impact-press-release/,Redirected
indutechinc.com,DNS_FAIL,,,
infinite.com,UP,200,https://www.infinite.com/,Redirected
infinity-cs.com,UP,200,https://www.kornferry.com/about-us/our-story/infinity-consulting-solutions,Redirected
infojiniconsulting.com,UP,200,https://www.infojiniconsulting.com/,Redirected
infoobjects.com,UP,200,https://www.infoobjects.com/,Redirected
infoorigin.com,UP,200,https://infoorigin.com/,Redirected
infosys.com,UP,403,https://www.infosys.com:443/,Redirected
infotechspectrum.com,UP,200,https://www.infotechspectrum.com/,Redirected
innomethods.com,UP,200,https://innomethods.com/,Redirected
innovasolutions.com,UP,200,https://innovasolutions.com/,Redirected
innovativesys.com,UP,403,https://innovativesys.com/,Redirected
insightglobal.com,UP,200,https://insightglobal.com/,Redirected
inspirationdigital.com,UP,500,https://www.inspirationdigital.com/,Redirected
inspyrsolutions.com,UP,403,https://inspyrsolutions.com/,Redirected
instantalliance.com,UP,403,https://instantalliance.com/,Redirected
insyncstaffing.com,UP,200,https://www.insyncstaffing.com/,Redirected
intelliswift.com,UP,200,https://www.intelliswift.com/,Redirected
inttechnologies.com,UP,200,https://www.experis.com/en,Redirected
iqvia.com,UP,200,https://www.iqvia.com/,Redirected
irissoftware.com,UP,403,https://www.irissoftware.com/,Redirected
isgit.com,UP,200,https://isgit.com/,Redirected
istaff.com,UP,406,https://istaff.com/,Redirected
itech-solutions.com,UP,200,https://itech-solutions.com/,Redirected
itmantras.com,UP,200,https://itmantras.com/,Redirected
itpeople.net,UP,200,https://itpeople.net/,Redirected
j2-solutions.com,UP,200,https://j2-solutions.com/,Redirected
jab-tek.com,UP,200,http://www.jab-tek.com/,Redirected
jbaglobal.com,UP,200,https://jbaglobal.com/,Redirected
jcwresourcing.com,UP,403,https://jcwresourcing.com/,Redirected
jeffersonfrank.com,UP,200,https://www.jeffersonfrank.com/,Redirected
jobot.com,UP,200,https://jobot.com/,Redirected
jobspringpartners.com,UP,403,https://motionrecruitment.com?o=js,Redirected
jsginc.com,UP,403,https://jsginc.com/,Redirected
judge.com,UP,200,https://www.judge.com/,Redirected
kellton.com,UP,200,https://www.kellton.com/,Redirected
kestaffingllc.com,DNS_FAIL,,,
kforce.com,UP,200,https://www.kforce.com/,Redirected
kornferry.com,UP,200,https://www.kornferry.com/,Redirected
kpg99.com,UP,406,https://kpg99.com/,Redirected
kpmg.us,DNS_FAIL,,,
krgtech.com,UP,200,http://krgtech.com/,Redirected
ktekresourcing.com,UP,406,https://ktekresourcing.com/,Redirected
labur.com,UP,200,https://labur.com/,Redirected
lancesoft.com,UP,200,https://lancesoft.com/,Redirected
leidos.com,UP,200,https://www.leidos.com/,Redirected
link2consult.com,UP,465,http://link2consult.com/,Redirected
linxpartners.com,UP,200,https://linxpartners.com/,Redirected
logicplanet.com,UP,200,https://logicplanet.com/,Redirected
logicque.com,UP,406,https://logicque.com/,Redirected
lorienglobal.com,UP,200,https://www.lorienglobal.com/,Redirected
lorventech.com,UP,200,https://lorventech.com/,Redirected
lrs.com,UP,200,https://www.lrs.com/,Redirected
lrsconsulting.com,DOWN,,,
ltimindtree.com,UP,406,https://www.ltimindtree.com/,Redirected
lucasgroup.com,UP,200,https://www.kornferry.com/,Redirected
luxoft.com,UP,200,https://www.luxoft.com/,Redirected
madison-davis.com,DNS_FAIL,,,
mainsailpartners.com,UP,200,https://mainsailpartners.com/,Redirected
majesco.com,UP,403,https://majesco.com/,Redirected
malvisystems.com,UP,200,http://malvisystems.com/,Redirected
mamsys.com,UP,200,https://mamsys.com/,Redirected
manpower.com,UP,200,https://www.manpower.com/,Redirected
marchonpartners.com,UP,200,https://www.marchonpartners.com:443/,Redirected
marlabs.com,UP,200,https://www.marlabs.com/,Redirected
marssg.com,UP,200,https://marssg.com/,Redirected
masonfrank.com,UP,200,https://www.masonfrank.com/,Redirected
mastechdigital.com,UP,200,https://www.mastechdigital.com/,Redirected
matlensilver.com,UP,200,https://matlensilver.com/,Redirected
matrix-ifs.com,UP,200,https://www.matrix-ifs.com/,Redirected
matrixres.com,UP,400,https://matrixres.com/,Redirected
maveris.com,UP,200,https://maveris.com/,Redirected
mavtechsolutions.com,UP,200,https://mavtechsolutions.com/,Redirected
maximaconsulting.com,UP,200,https://www.maximaconsulting.com/,Redirected
mbopartners.com,UP,200,https://www.mbopartners.com/,Redirected
mdmsrecruiting.com,UP,200,https://mdmsrecruiting.com/,Redirected
medixteam.com,UP,200,https://www.medixteam.com/,Redirected
meridiantech.com,UP,200,https://www.meridiantech.com/,Redirected
meritcg.com,UP,200,https://meritcg.com/,Redirected
method3.com,UP,200,https://method3.com/,Redirected
metrosysinc.com,DNS_FAIL,,,
michaelpage.com,UP,200,https://www.michaelpage.com/,Redirected
millenniumgroupusa.com,DNS_FAIL,,,
mindlance.com,UP,200,https://mindlance.com/,Redirected
missionstaff.com,UP,200,https://missionstaff.com/,Redirected
mitchellmartin.com,UP,200,https://www.mitchellmartin.com/,Redirected
modis.com,UP,200,https://www.akkodis.com,Redirected
momentousa.com,UP,406,https://momentousa.com/,Redirected
momentuminc.com,UP,403,https://momentuminc.com/,Redirected
mondo.com,UP,403,https://mondo.com/,Redirected
montek.us,UP,200,https://montek.us/,Redirected
motionrecruitment.com,UP,403,https://motionrecruitment.com/,Redirected
mouritech.com,UP,200,https://www.mouritech.com/,Redirected
mtwrecruit.com,UP,200,https://www.mtwrecruit.com/,Redirected
mwidm.com,UP,406,https://mwidm.com/,Redirected
mwpartnersinc.com,DNS_FAIL,,,
myticas.com,UP,200,https://myticas.com/,Redirected
n2sglobal.com,UP,200,https://n2sglobal.com/,Redirected
nagarro.com,UP,200,https://www.nagarro.com/en/,Redirected
nclipse.com,UP,200,https://nclipse.com/,Redirected
ncstech.com,UP,403,https://ncstech.qentelli.com/,Redirected
nelsonfrank.com,UP,200,https://www.nelsonfrank.com/,Redirected
nescoresource.com,UP,200,https://www.nescoresource.com/,Redirected
ness.com,UP,200,https://ness.com/,Redirected
net2source.com,UP,200,https://www.net2source.com/,Redirected
newboldadvisors.com,UP,200,https://newboldadvisors.com/,Redirected
newdirectionsstaffing.com,UP,403,https://newdirectionsstaffing.com/,Redirected
nextgengr.com,UP,403,https://nextgengr.com/,Redirected
nexzentek.com,UP,200,https://nexzentek.com/,Redirected
nigelfrank.com,UP,200,https://www.nigelfrank.com/,Redirected
nityo.com,DOWN,,,
nlbservices.com,UP,406,https://www.nlbservices.com/,Redirected
noiseconsultinggroup.com,DNS_FAIL,,,
norwintech.com,UP,200,http://www.norwintech.com/,Redirected
nousinfo.com,UP,403,http://nousinfo.com/,Redirected
novanttech.com,UP,200,https://novanttech.com/,Redirected
nsiamerica.com,UP,200,https://nsiamerica.com/,Redirected
okayainc.com,UP,200,https://okayainc.com/,Redirected
oliverjames.com,UP,403,http://www.oliverjames.com/,Redirected
onwardsearch.com,UP,200,https://onwardsearch.com/,Redirected
openarc.net,UP,403,https://www.openarc.net/,Redirected
openteqgroup.com,UP,200,https://openteqgroup.com/,Redirected
optechus.com,UP,403,https://optechus.com/,Redirected
optomi.com,UP,403,https://optomi.com/,Redirected
orioninc.com,UP,200,https://www.orioninc.com/,Redirected
ostusa.com,UP,200,https://vervint.com/,Redirected
oxfordcorp.com,UP,403,https://oxfordcorp.com/,Redirected
pacecomputers.com,UP,406,https://pacecomputers.com/,Redirected
pacteraedge.com,DNS_FAIL,,,
pagepersonnel.com,UP,403,https://www.page.com/region/north-america,Redirected
paradigmtc.com,DNS_FAIL,,,
paragonitpros.com,UP,200,https://www.paragonitpros.com/,Redirected
parkerstaffing.com,UP,403,https://parkerstaffing.com/,Redirected
patelcorp.com,UP,200,https://www.patelcorp.com/,Redirected
patriotstaffingllc.com,DNS_FAIL,,,
peoplecaddie.com,UP,200,https://peoplecaddie.com/,Redirected
perficient.com,UP,200,https://www.perficient.com/,Redirected
persistent.com,UP,200,https://www.persistent.com/,Redirected
phaxis.com,UP,403,https://phaxis.com/,Redirected
pinnacle1.com,UP,200,https://www.pinnacle1.com/,Redirected
pinpoint-it.com,DNS_FAIL,,,
pipercompanies.com,UP,200,https://www.pipercompanies.com/,Redirected
piplnow.com,UP,200,https://piplnow.com/,Redirected
pivotal-talent.com,UP,200,https://pivotal-talent.com/,Redirected
planitgroup.com,UP,200,https://www.planitgroup.com/,Redirected
plumplacements.com,DNS_FAIL,,,
polar-it.com,DNS_FAIL,,,
pptconsultants.com,UP,200,http://pptconsultants.com/,Redirected
prairieconsulting.com,UP,200,https://prairieconsulting.com/,Redirected
predicagroup.com,UP,429,https://www.softwareone.com/pl-pl,Redirected
pridetechnologies.com,UP,404,http://pridetechnologies.com/,Redirected
primusglobal.com,UP,200,https://primusglobal.com/,Redirected
procomservices.com,UP,403,https://procomservices.com/,Redirected
prokatchers.com,UP,200,https://prokatchers.com/,Redirected
prolinkworks.com,UP,200,https://prolinkworks.com/,Redirected
promantisinc.com,UP,200,https://promantisinc.com/,Redirected
protiviti.com,UP,200,https://www.protiviti.com/in-en,Redirected
psrassociates.com,UP,200,https://psrassociates.com/,Redirected
publicissapient.com,UP,200,https://www.publicissapient.com/,Redirected
pullskill.com,DOWN,,,
pyramidci.com,UP,200,https://pyramidci.com/,Redirected
qciteam.com,DNS_FAIL,,,
qsicorp.com,UP,200,https://www.qsicorp.com/,Redirected
qsius.com,UP,200,https://qsius.com/,Redirected
qsptech.com,UP,200,https://www.qsptech.com/,Redirected
quadraticsystems.com,UP,200,http://quadraticsystems.com/,Redirected
queencg.com,UP,403,https://www.talentgroups.com,Redirected
quick-solutions.com,UP,200,https://quick-solutions.com/,Redirected
randstadusa.com,UP,200,https://www.randstadusa.com/,Redirected
rangam.com,UP,200,https://rangam.com/,Redirected
razortalent.com,UP,403,https://razortalent.com/,Redirected
rcainc.com,UP,403,https://rcainc.com/,Redirected
rcmt.com,UP,200,https://www.rcmt.com/,Redirected
rcubeit.com,DNS_FAIL,,,
reflik.com,UP,200,https://reflik.com/,Redirected
resource1.com,UP,403,https://www.resource1.com/,Redirected
revature.com,UP,200,https://www.revature.com/,Redirected
rezultgroup.com,UP,403,https://rezultgroup.com/,Redirected
roberthalf.com,UP,200,https://www.roberthalf.com/us/en,Redirected
roseit.com,UP,200,https://roseint.com/index.html,Redirected
sagegroupconsulting.com,UP,200,https://sagegroupconsulting.com/,Redirected
saic.com,UP,200,https://www.saic.com/,Redirected
samsonsoftwaresolutions.com,DNS_FAIL,,,
sarkitusa.com,DNS_FAIL,,,
satincorp.com,UP,200,https://www.satincorp.com/,Redirected
savantis.com,UP,200,https://savantis.com/,Redirected
saxonglobal.com,UP,200,https://saxonglobal.com/,Redirected
scienaptic.ai,UP,200,https://www.scienaptic.ai/,Redirected
scienaptic.com,UP,200,https://www.scienaptic.ai/,Redirected
seaglassit.com,UP,403,https://seaglassit.com/,Redirected
selsoftinc.com,UP,200,https://selsoftinc.com/,Redirected
senecaresources.com,UP,200,https://www.nationalfuel.com/integrated-upstream-gathering/,Redirected
sgainc.com,UP,403,https://www.sgainc.com/,Redirected
sgsconsulting.com,UP,200,https://sgsconsulting.com/,Redirected
sierrabusinesssolution.com,DNS_FAIL,,,
sigmainc.com,UP,200,https://sigmainc.com/,Redirected
siminfotech.com,UP,200,https://siminfotech.com/,Redirected
skysolutionsllc.com,UP,200,https://skysolutionsllc.com/,Redirected
slalom.com,UP,200,https://www.slalom.com/us/en,Redirected
slstaffing.com,UP,200,https://slstaffing.com/,Redirected
smartdecksolutions.com,UP,200,https://smartdecksolutions.com/,Redirected
smci.com,UP,403,https://milestone.tech/,Redirected
smithhanley.com,UP,403,https://smithhanley.com/,Redirected
softpath.net,UP,200,https://www.softpath.net/,Redirected
softsages.com,UP,200,https://softsages.com/,Redirected
softserveinc.com,UP,403,https://www.softserveinc.com/,Redirected
softworldinc.com,UP,200,https://softworldinc.com/,Redirected
sogeti.com,UP,200,https://www.sogeti.com/,Redirected
solomonpage.com,UP,200,https://www.solomonpage.com/,Redirected
solugenix.com,UP,200,https://www.solugenix.com/,Redirected
sparksgroupinc.com,UP,403,https://sparksgroupinc.com/,Redirected
spectraforce.com,UP,200,https://spectraforce.com/,Redirected
spectragroup.com,DOWN,,,
spencerstuart.com,UP,200,https://www.spencerstuart.com/,Redirected
spicacomputers.com,UP,200,https://spicacomputers.com/,Redirected
spyglasspartners.com,UP,200,https://spyglasspartners.com/,Redirected
sqagroup.com,UP,403,https://sqagroup.com/,Redirected
sritechsolutions.com,UP,200,https://sritechsolutions.com/,Redirected
srivensys.com,UP,200,https://srivensys.com/,Redirected
stand8.io,UP,200,https://www.stand8.io/,Redirected
stellarcs.com,UP,503,http://stellarcs.com/,Redirected
stellentit.com,UP,200,https://www.stellentit.com,Redirected
stevendouglas.com,UP,403,https://stevendouglas.com/,Redirected
stoneresource.com,UP,200,https://stoneresource.com/,Redirected
stratus-tech.com,UP,200,http://stratus-tech.com/,Redirected
sumithc.com,DNS_FAIL,,,
summithumancapital.com,UP,403,https://summithumancapital.com/,Redirected
sunrayinformatics.com,DOWN,,,
sunrisesys.com,UP,200,https://www.sunrisesys.com/,Redirected
suntechnologies.com,UP,403,https://www.suntechnologies.com/,Redirected
suntechnologies.us,DNS_FAIL,,,
swiftwinsolutions.com,DNS_FAIL,,,
swinsoftinc.com,DNS_FAIL,,,
syfter.com,UP,200,https://www.syfter.com/,Redirected
synechron.com,UP,200,https://www.synechron.com/,Redirected
synergishr.com,UP,503,https://synergishr.com/,Redirected
systemart.com,UP,200,https://systemart.com/,Redirected
systemsguru.com,UP,403,https://www.buydomains.com/lander/systemsguru.com?domain=systemsguru.com&utm_source=systemsguru.com&utm_medium=click&utm_campaign=tdfs-AprTest&traffic_id=AprTest&traffic_type=tdfs&redirect=ono-redirect,Redirected
systemsstaffing.com,UP,200,https://systemsstaffing.com/,Redirected
systemtec.com,UP,200,https://systemtec.net/,Redirected
talentbridge.com,UP,200,https://talentbridge.com/,Redirected
talentburst.com,UP,200,https://www.talentburst.com/,Redirected
talentsoftware.com,UP,200,https://talentsoftware.com/,Redirected
talonpro.com,UP,403,https://talonpro.com/,Redirected
talteam.com,UP,200,https://talteam.com/,Redirected
talution.com,UP,403,https://talution.com/,Redirected
tandymgroup.com,UP,403,https://tandymgroup.com/,Redirected
tanishasystems.com,UP,200,https://tanishasystems.com/,Redirected
tansoncorp.com,UP,200,https://tansoncorp.com/,Redirected
tavant.com,UP,403,https://tavant.com/,Redirected
tcmltech.com,DNS_FAIL,,,
tcs.com,UP,200,https://www.tcs.com/,Redirected
teamallegiance.com,UP,200,https://teamallegiance.com/,Redirected
techdigitalcorp.com,UP,200,https://techdigitalcorp.com/,Redirected
techgene.com,UP,403,https://techgene.com/,Redirected
techmahindra.com,UP,200,https://www.techmahindra.com/,Redirected
technocomp.com,UP,200,https://technocomp.com/,Redirected
technocompinc.com,UP,200,https://www.technocompinc.com/,Redirected
technocraftsol.com,UP,200,https://technocraftsol.com/,Redirected
technosmarts.com,UP,403,https://technosmarts.com/,Redirected
technosphere.com,UP,200,https://www.technosphere.com/,Redirected
technumen.com,UP,200,https://technumen.com/,Redirected
techpundit.com,UP,406,https://techpundit.com/,Redirected
techstrasolutions.com,UP,200,https://techstrasolutions.com/,Redirected
tekframe.com,UP,500,https://tekframe.com/,Redirected
tekinspirations.com,UP,200,https://www.tekinspirations.com/,Redirected
tekpartners.com,UP,403,https://tekpartners.com/,Redirected
tekshapers.com,UP,406,https://tekshapers.com/,Redirected
tekskillsinc.com,UP,403,https://tekskillsinc.com/,Redirected
teksystems.com,UP,403,https://www.teksystems.com/,Redirected
tektreeinc.com,UP,200,https://tektreeinc.com/,Redirected
tekwissen.com,UP,200,https://tekwissen.com/,Redirected
tential.com,UP,200,https://tential.com/,Redirected
thecsicompanies.com,UP,403,https://csicompanies.com/,Redirected
theivantagegroup.com,UP,200,https://theivantagegroup.com/,Redirected
thelasallenetwork.com,UP,200,https://www.thelasallenetwork.com/,Redirected
theplanetforward.com,UP,403,https://theplanetforward.com/,Redirected
thinkartha.com,UP,200,https://www.thinkartha.com/,Redirected
thompsontechnologies.com,UP,403,https://thompsontechnologies.com/,Redirected
thoughtstorm.com,UP,200,https://www.thoughtstorm.com/,Redirected
thoughtworks.com,UP,200,https://www.thoughtworks.com/,Redirected
titanconsulting.net,UP,200,https://www.titanconsulting.net/,Redirected
topconsulting.net,UP,200,https://www.topconsulting.net/,Redirected
toptal.com,UP,403,https://toptal.com/,Redirected
toriglobal.com,UP,403,https://toriglobal.com/,Redirected
tpatechnologies.com,UP,200,https://tpatechnologies.com/,Redirected
transcendstaffing.com,UP,200,https://transcendstaffing.com/,Redirected
tricomconsulting.com,UP,200,https://forsale.ddot.in/forsale/tricomconsulting.com?drefid=2071,Redirected
tricomgroup.com,UP,200,https://www.tricomgroup.com/,Redirected
tridentconsultinginc.com,UP,200,https://tridentconsultinginc.com/,Redirected
trigyn.com,DOWN,,,
trinamix.com,UP,200,https://www.trinamix.com/,Redirected
trinet.com,UP,200,https://www.trinet.com/,Redirected
trinitycloudcompany.com,DNS_FAIL,,,
tsrconsulting.com,UP,403,https://tsrconsulting.com/,Redirected
ttinc.com,UP,403,https://ttinc.com/,Redirected
tundratechnical.com,UP,403,https://tundratechnical.com/,Redirected
turnberrysolutions.com,UP,200,https://www.turnberrysolutions.com/,Redirected
ufginsurance.com,UP,200,https://www.ufginsurance.com/,Redirected
uniconpharma.com,UP,200,https://uniconpharma.com/,Redirected
unisys.com,UP,200,https://www.unisys.com/,Redirected
upwork.com,UP,403,https://upwork.com/,Redirected
us.nttdata.com,UP,200,https://us.nttdata.com/en/,Redirected
usebraintrust.com,UP,200,https://www.usebraintrust.com/,Redirected
usefulbi.com,UP,200,https://usefulbi.com/,Redirected
usmsystems.com,UP,200,https://usmsystems.com/,Redirected
ust.com,UP,403,https://ust.com/,Redirected
ustechsolutions.com,UP,200,https://ustechsolutions.com/,Redirected
v2soft.com,UP,200,https://www.v2soft.com/,Redirected
vaco.com,UP,403,http://www.vaco.com/,Redirected
valuemomentum.com,UP,200,https://valuemomentum.com/,Redirected
varite.com,UP,403,https://varite.com/,Redirected
vdart.com,UP,200,https://www.vdart.com/,Redirected
vedainfo.com,UP,200,https://vedainfo.com/,Redirected
veltris.com,UP,200,https://www.veltris.com/,Redirected
vertisystem.com,UP,200,https://vertisystem.com/,Redirected
veveysoft.com,UP,200,https://veveysoft.com/,Redirected
vidorra.com,UP,200,https://vidorra.com/,Redirected
vincentbenjamin.com,UP,403,https://www.theintersectgroup.com/,Redirected
vis-usa.com,UP,406,https://vis-usa.com/,Redirected
visionisys.com,UP,200,https://visionisys.com/,Redirected
vitaltechsolutions.com,UP,200,https://vitaltechsolutions.com/,Redirected
vlinkinfo.com,UP,200,https://vlinkinfo.com/,Redirected
volt.com,UP,200,https://volt.com/,Redirected
vsoftconsulting.com,UP,200,https://www.vsoftconsulting.com/,Redirected
washingtonfrank.com,UP,200,https://www.washingtonfrank.com/,Redirected
wavestone.us,UP,200,https://www.wavestone.com/en/north-america/,Redirected
westcoastllc.com,UP,200,https://westcoastllc.com/,Redirected
whichconsulting.com,UP,404,https://whichconsulting.com/,Redirected
wipro.com,UP,200,https://www.wipro.com/,Redirected
workbridgeassociates.com,UP,403,https://motionrecruitment.com?o=wb,Redirected
www2.deloitte.com,UP,200,https://www.deloitte.com/in/en.html,Redirected
xchangesoft.com,UP,403,https://xchangesoft.com/,Redirected
xoriant.com,UP,200,https://www.xoriant.com//,Redirected
xpedianit.com,DNS_FAIL,,,
xtglobal.com,UP,200,https://xtglobal.com/,Redirected
ylconsulting.com,UP,403,https://ylconsulting.com/,Redirected
yoh.com,UP,200,https://www.yoh.com/,Redirected
zenosys.com,UP,200,http://zenosys.com/,Redirected
zensar.com,UP,200,https://zensar.com/,Redirected
zensark.com,UP,200,https://zensark.com/,Redirected
zs.com,UP,200,https://www.zs.com/,Redirected
ztekinc.com,UP,200,https://www.ztekinc.com/,Redirected
